{"modelName":"ModelFemaleAsymmetrical","authorName":"Either Mojang or a mod author","projVersion":4,"metadata":[],"textureWidth":64,"textureHeight":32,"scale":[1.0,1.0,1.0],"cubeGroups":[],"cubes":[{"name":"bipedBreast","dimensions":[7,4,2],"position":[0.0,0.0,0.0],"offset":[-3.5,0.75,-3.0],"rotation":[0.0,0.0,0.0],"scale":[1.0,1.0,1.0],"txOffset":[17,18],"txMirror":false,"mcScale":0.0,"opacity":100.0,"hidden":false,"metadata":[],"children":[],"identifier":")TkH,Y7TtK\u003e%M~4CK.\u003c`"},{"name":"head_inner","dimensions":[8,8,8],"position":[0.0,0.0,0.0],"offset":[-4.0,-8.0,-4.0],"rotation":[0.0,0.0,0.0],"scale":[1.0,1.0,1.0],"txOffset":[0,0],"txMirror":false,"mcScale":0.0,"opacity":100.0,"hidden":false,"metadata":[],"children":[],"identifier":"?_U/hY+RMmPmugJ\u003e(*?K"},{"name":"torso","dimensions":[7,12,3],"position":[0.0,0.0,0.0],"offset":[-3.5,0.0,-1.5],"rotation":[0.0,0.0,0.0],"scale":[1.0,1.0,1.0],"txOffset":[16,17],"txMirror":false,"mcScale":0.0,"opacity":100.0,"hidden":false,"metadata":[],"children":[{"name":"arm_l","dimensions":[3,12,3],"position":[5.0,2.0,0.0],"offset":[-1.5,-2.0,-1.5],"rotation":[0.0,0.0,0.0],"scale":[1.0,1.0,1.0],"txOffset":[36,17],"txMirror":true,"mcScale":0.0,"opacity":100.0,"hidden":false,"metadata":[],"children":[],"parentIdentifier":"Dd\u0027eq:~0/Kv)o@B%lj2}","identifier":";qsm\u003d@LjXJNF+W(zkE;,"},{"name":"arm_r","dimensions":[3,12,3],"position":[-5.0,2.0,0.0],"offset":[-1.5,-2.0,-1.5],"rotation":[0.0,0.0,0.0],"scale":[1.0,1.0,1.0],"txOffset":[36,17],"txMirror":false,"mcScale":0.0,"opacity":100.0,"hidden":false,"metadata":[],"children":[],"parentIdentifier":"Dd\u0027eq:~0/Kv)o@B%lj2}","identifier":"y1];Y|Jxj;PB2]bA64DD"}],"identifier":"Dd\u0027eq:~0/Kv)o@B%lj2}"},{"name":"leg_l","dimensions":[4,12,4],"position":[2.0,12.0,0.1],"offset":[-2.0,0.0,-2.0],"rotation":[-0.0,0.0,0.0],"scale":[1.0,1.0,1.0],"txOffset":[48,16],"txMirror":false,"mcScale":0.0,"opacity":100.0,"hidden":false,"metadata":[],"children":[],"identifier":"fAAH`dJgtig:,Z\u003ce:Q*d"},{"name":"leg_r","dimensions":[4,12,4],"position":[-2.0,12.0,0.1],"offset":[-2.0,0.0,-2.0],"rotation":[0.0,0.0,0.0],"scale":[1.0,1.0,1.0],"txOffset":[0,16],"txMirror":false,"mcScale":0.0,"opacity":100.0,"hidden":false,"metadata":[],"children":[],"identifier":"i\u003e8Q?KJz7U\u0027wjTFso\"7c"},{"name":"head_outer","dimensions":[8,8,8],"position":[0.0,0.0,0.0],"offset":[-4.0,-8.0,-4.0],"rotation":[0.0,0.0,0.0],"scale":[1.0,1.0,1.0],"txOffset":[32,0],"txMirror":false,"mcScale":0.5,"opacity":100.0,"hidden":true,"metadata":[],"children":[],"identifier":";$3c^ks(A;J!z~]F+s4A"}],"anims":[],"cubeCount":8}