{"modelName":"ModelFemaleSymmetrical","authorName":"Either Mojang or a mod author","projVersion":4,"metadata":[],"textureWidth":64,"textureHeight":32,"scale":[1.0,1.0,1.0],"cubeGroups":[],"cubes":[{"name":"arm_right","dimensions":[3,12,3],"position":[-5.0,2.0,0.0],"offset":[-1.5,-2.0,-1.5],"rotation":[0.0,0.0,0.0],"scale":[1.0,1.0,1.0],"txOffset":[36,17],"txMirror":false,"mcScale":0.0,"opacity":100.0,"hidden":false,"metadata":[],"children":[],"identifier":" 95P8e)lcVD3\u00260\u003c^5}YK"},{"name":"leg_right","dimensions":[4,12,4],"position":[-2.0,12.0,0.1],"offset":[-2.0,0.0,-2.0],"rotation":[0.0,0.0,0.0],"scale":[1.0,1.0,1.0],"txOffset":[0,16],"txMirror":false,"mcScale":0.0,"opacity":100.0,"hidden":false,"metadata":[],"children":[],"identifier":"gWnCR*VAw0XSY+_mJP3g"},{"name":"head","dimensions":[8,8,8],"position":[0.0,0.0,0.0],"offset":[-4.0,-8.0,-4.0],"rotation":[0.0,0.0,0.0],"scale":[1.0,1.0,1.0],"txOffset":[0,0],"txMirror":false,"mcScale":0.0,"opacity":100.0,"hidden":false,"metadata":[],"children":[],"identifier":"\u003drvSr|/\"LG-{IZ!muJ\"g"},{"name":"torso","dimensions":[7,12,3],"position":[0.0,0.0,0.0],"offset":[-3.5,0.0,-1.5],"rotation":[0.0,0.0,0.0],"scale":[1.0,1.0,1.0],"txOffset":[16,17],"txMirror":false,"mcScale":0.0,"opacity":100.0,"hidden":false,"metadata":[],"children":[{"name":"chest","dimensions":[7,4,2],"position":[0.0,0.0,0.0],"offset":[-3.5,0.75,-3.0],"rotation":[0.0,0.0,0.0],"scale":[1.0,1.0,1.0],"txOffset":[17,18],"txMirror":false,"mcScale":0.0,"opacity":100.0,"hidden":false,"metadata":[],"children":[],"parentIdentifier":"/G@as\u0027IBk~tew6\u0026HAzG6","identifier":"2*\u0027FlH*(^r\u0026aOKYhDelV"}],"identifier":"/G@as\u0027IBk~tew6\u0026HAzG6"},{"name":"arm_left","dimensions":[3,12,3],"position":[5.0,2.0,0.0],"offset":[-1.5,-2.0,-1.5],"rotation":[0.0,0.0,0.0],"scale":[1.0,1.0,1.0],"txOffset":[36,17],"txMirror":true,"mcScale":0.0,"opacity":100.0,"hidden":false,"metadata":[],"children":[],"identifier":"A-\u003dIE#\\]9MO_ihmGk#F\u003e"},{"name":"leg_left","dimensions":[4,12,4],"position":[2.0,12.0,0.1],"offset":[-2.0,0.0,-2.0],"rotation":[-0.0,0.0,0.0],"scale":[1.0,1.0,1.0],"txOffset":[0,16],"txMirror":true,"mcScale":0.0,"opacity":100.0,"hidden":false,"metadata":[],"children":[],"identifier":";T QD,\u003eT$I;b*EM\u003e)-\u00268"},{"name":"head_outer","dimensions":[8,8,8],"position":[0.0,0.0,0.0],"offset":[-4.0,-8.0,-4.0],"rotation":[0.0,0.0,0.0],"scale":[1.0,1.0,1.0],"txOffset":[32,0],"txMirror":false,"mcScale":0.5,"opacity":100.0,"hidden":true,"metadata":[],"children":[],"identifier":"6LuwG.tt~*\u0027y4nBC;p; "}],"anims":[],"cubeCount":8}