{
	"format_version": "1.8.0",
	"geometry.unknown": {
		"texturewidth": 64,
		"textureheight": 32,
		"visible_bounds_width": 1,
		"visible_bounds_height": 2,
		"visible_bounds_offset": [0, 1, 0],
		"bones": [
			{
				"name": "root",
				"pivot": [0, 24, 0],
				"cubes": []
			},
			{
				"name": "arm r",
				"parent": "root",
				"pivot": [5, 22, 0],
				"cubes": [
					{"origin": [4, 12, -2], "size": [4, 12, 4], "uv": [40, 16], "mirror": true}
				]
			},
			{
				"name": "leg r",
				"parent": "root",
				"pivot": [1.9, 12, 0.1],
				"cubes": [
					{"origin": [-0.1, 0, -1.9], "size": [4, 12, 4], "uv": [0, 16], "mirror": true}
				]
			},
			{
				"name": "head inner",
				"parent": "root",
				"pivot": [0, 24, 0],
				"cubes": [
					{"origin": [-4, 24, -4], "size": [8, 8, 8], "uv": [0, 0], "mirror": true}
				]
			},
			{
				"name": "torso",
				"parent": "root",
				"pivot": [0, 24, 0],
				"cubes": [
					{"origin": [-4, 12, -2], "size": [8, 12, 4], "uv": [16, 16], "mirror": true}
				]
			},
			{
				"name": "arm l",
				"parent": "root",
				"pivot": [-5, 22, 0],
				"cubes": [
					{"origin": [-8, 12, -2], "size": [4, 12, 4], "uv": [40, 16]}
				]
			},
			{
				"name": "leg l",
				"parent": "root",
				"pivot": [-1.9, 12, 0.1],
				"cubes": [
					{"origin": [-3.9, 0, -1.9], "size": [4, 12, 4], "uv": [0, 16]}
				]
			},
			{
				"name": "head outer",
				"parent": "root",
				"pivot": [0, 24, 0],
				"cubes": [
					{"origin": [-4, 24, -4], "size": [8, 8, 8], "uv": [32, 0], "mirror": true}
				]
			}
		]
	},
	"geometry.ModelMillVillager": {
		"texturewidth": 64,
		"textureheight": 32,
		"visible_bounds_width": 1,
		"visible_bounds_height": 2,
		"visible_bounds_offset": [0, 1, 0],
		"bones": [
			{
				"name": "root",
				"pivot": [0, 24, 0],
				"cubes": []
			},
			{
				"name": "arm r",
				"parent": "root",
				"pivot": [5, 22, 0],
				"cubes": [
					{"origin": [4, 12, -2], "size": [4, 12, 4], "uv": [40, 16], "mirror": true}
				]
			},
			{
				"name": "leg r",
				"parent": "root",
				"pivot": [1.9, 12, 0.1],
				"cubes": [
					{"origin": [-0.1, 0, -1.9], "size": [4, 12, 4], "uv": [0, 16], "mirror": true}
				]
			},
			{
				"name": "head inner",
				"parent": "root",
				"pivot": [0, 24, 0],
				"cubes": [
					{"origin": [-4, 24, -4], "size": [8, 8, 8], "uv": [0, 0], "mirror": true}
				]
			},
			{
				"name": "torso",
				"parent": "root",
				"pivot": [0, 24, 0],
				"cubes": [
					{"origin": [-4, 12, -2], "size": [8, 12, 4], "uv": [16, 16], "mirror": true}
				]
			},
			{
				"name": "arm l",
				"parent": "root",
				"pivot": [-5, 22, 0],
				"cubes": [
					{"origin": [-8, 12, -2], "size": [4, 12, 4], "uv": [40, 16]}
				]
			},
			{
				"name": "leg l",
				"parent": "root",
				"pivot": [-1.9, 12, 0.1],
				"cubes": [
					{"origin": [-3.9, 0, -1.9], "size": [4, 12, 4], "uv": [0, 16]}
				]
			},
			{
				"name": "head outer",
				"parent": "root",
				"pivot": [0, 24, 0],
				"cubes": [
					{"origin": [-4, 24, -4], "size": [8, 8, 8], "uv": [32, 0], "mirror": true}
				]
			}
		]
	}
}