{"modelName":"ModelMillVillager","authorName":"Either Mojang or a mod author","projVersion":4,"metadata":[],"textureWidth":64,"textureHeight":32,"scale":[1.0,1.0,1.0],"cubeGroups":[],"cubes":[{"name":"arm r","dimensions":[4,12,4],"position":[-5.0,2.0,0.0],"offset":[-3.0,-2.0,-2.0],"rotation":[0.0,0.0,0.0],"scale":[1.0,1.0,1.0],"txOffset":[40,16],"txMirror":false,"mcScale":0.0,"opacity":100.0,"hidden":false,"metadata":[],"children":[],"identifier":"[JY|IO^a17AoJ:x$4 u9"},{"name":"leg r","dimensions":[4,12,4],"position":[-1.9,12.0,0.1],"offset":[-2.0,0.0,-2.0],"rotation":[0.0,0.0,0.0],"scale":[1.0,1.0,1.0],"txOffset":[0,16],"txMirror":false,"mcScale":0.0,"opacity":100.0,"hidden":false,"metadata":[],"children":[],"identifier":"FZG2be/6W8xnHYK!ZUvK"},{"name":"head inner","dimensions":[8,8,8],"position":[0.0,0.0,0.0],"offset":[-4.0,-8.0,-4.0],"rotation":[0.0,0.0,0.0],"scale":[1.0,1.0,1.0],"txOffset":[0,0],"txMirror":false,"mcScale":0.0,"opacity":100.0,"hidden":false,"metadata":[],"children":[],"identifier":"SE\u003cYx^z\u003dfP()c@Yf1?p!"},{"name":"torso","dimensions":[8,12,4],"position":[0.0,0.0,0.0],"offset":[-4.0,0.0,-2.0],"rotation":[0.0,0.0,0.0],"scale":[1.0,1.0,1.0],"txOffset":[16,16],"txMirror":false,"mcScale":0.0,"opacity":100.0,"hidden":false,"metadata":[],"children":[],"identifier":"DsC}89_V}6C50\u0026{WXw\"S"},{"name":"arm l","dimensions":[4,12,4],"position":[5.0,2.0,0.0],"offset":[-1.0,-2.0,-2.0],"rotation":[0.0,0.0,0.0],"scale":[1.0,1.0,1.0],"txOffset":[40,16],"txMirror":true,"mcScale":0.0,"opacity":100.0,"hidden":false,"metadata":[],"children":[],"identifier":"?hsC_TD!j.p(L\u003ejebWoq"},{"name":"leg l","dimensions":[4,12,4],"position":[1.9,12.0,0.1],"offset":[-2.0,0.0,-2.0],"rotation":[-0.0,0.0,0.0],"scale":[1.0,1.0,1.0],"txOffset":[0,16],"txMirror":true,"mcScale":0.0,"opacity":100.0,"hidden":false,"metadata":[],"children":[],"identifier":"B\"fu1\u003cJ1/Wdr,J$(VD%t"},{"name":"head outer","dimensions":[8,8,8],"position":[0.0,0.0,0.0],"offset":[-4.0,-8.0,-4.0],"rotation":[0.0,0.0,0.0],"scale":[1.0,1.0,1.0],"txOffset":[32,0],"txMirror":false,"mcScale":0.5,"opacity":100.0,"hidden":true,"metadata":[],"children":[],"identifier":"g@_A\u003dA9A0$.@e9nShM/$"}],"anims":[],"cubeCount":7}